<drivers>

	<driver 
            name="MySQL"
			drivers="com.mysql.jdbc.Driver"
			defaultport="3306"
			urlprefix="jdbc:mysql://"
			dbnameseparator="/"
			type_varchar="VARCHAR"
			type_text="TEXT"
			type_integer="INTEGER"
			type_real="REAL"
            type_time="TIME"
            type_date="DATE"
            type_dateTime="DATETIME"
			identifier_quote_open="`"
			identifier_quote_close="`"
			value_quote_open="'"
			value_quote_close="'"	
	/>

	<driver name="PostgreSQL"
			drivers="org.postgresql.Driver"
			defaultport="5432"
			urlprefix="jdbc:postgresql://"
			dbnameseparator="/"
			type_varchar="VARCHAR"
  			type_text="BLOB"
			type_integer="INTEGER"
			type_real="REAL"
            type_time="TIME"
            type_date="DATE"
            type_dateTime="TIMESTAMP"
			identifier_quote_open="&quot;"
			identifier_quote_close="&quot;"
			value_quote_open="'"
			value_quote_close="'"						
	/>
	
	<driver name="Sybase"
		    drivers="net.sourceforge.jtds.jdbc.Driver"
			defaultport="7100"
			urlprefix="jdbc:jtds:sybase://"
			dbnameseparator="/"
			type_varchar="VARCHAR"
			type_text="BLOB"
			type_integer="INTEGER"
			type_real="REAL"
            type_time="TIME"
            type_date="DATE"
            type_dateTime="TIMESTAMP"
			identifier_quote_open="&quot;"
			identifier_quote_close="&quot;"
			value_quote_open="'"
			value_quote_close="'"							
	/>
	
	<driver name="HSQLDB"
			drivers="org.hsqldb.jdbcDriver"
			defaultport="9001"
			urlprefix="jdbc:hsqldb://"
			dbnameseparator="/"
			type_varchar="VARCHAR"
			type_text="BLOB"
			type_integer="INTEGER"
			type_real="REAL"
            type_time="TIME"
            type_date="DATE"
            type_dateTime="TIMESTAMP"
			identifier_quote_open="&quot;"
			identifier_quote_close="&quot;"	
			value_quote_open="'"
			value_quote_close="'"						
	/>

	<driver name="ODBC Bridge (e.g. Access)"
			defaultport=""
			urlprefix="jdbc:odbc:"
			dbnameseparator=""
			type_varchar="VARCHAR"
			type_text="BLOB"
			type_integer="INTEGER"
			type_real="REAL"
            type_time="TIME"
            type_date="DATE"
            type_dateTime="TIMESTAMP"
			identifier_quote_open="&quot;"
			identifier_quote_close="&quot;"
			value_quote_open="'"
			value_quote_close="'"						
	/>
			
	<driver name="Microsoft SQL Server (JTDS)"
		    drivers="net.sourceforge.jtds.jdbc.Driver"
			defaultport="1433"
			urlprefix="jdbc:jtds:sqlserver://"
			dbnameseparator="/"
			type_varchar="VARCHAR"
			type_text="BLOB"
			type_integer="INTEGER"
			type_real="REAL"
            type_time="TIME"
            type_date="DATE"
            type_dateTime="TIMESTAMP"
			identifier_quote_open="["
			identifier_quote_close="]"
			value_quote_open="'"
			value_quote_close="'"						
	/>	
	
   <driver name="Ingres"
			defaultport="II7"
			drivers="com.ingres.jdbc.IngresDriver,ca.ingres.jdbc.IngresDriver"
			urlprefix="jdbc:ingres://"
			dbnameseparator="/"
			type_varchar="VARCHAR"
			type_text="BLOB"
			type_integer="INTEGER"
			type_real="REAL"
            type_time="TIME"
            type_date="DATE"
            type_dateTime="TIMESTAMP"
			identifier_quote_open="&quot;"
			identifier_quote_close="&quot;"
			value_quote_open="'"
			value_quote_close="'"							
	/>	

   <!--
     The following drivers are not shipped with RapidMiner due to licensing constraints.
     If you want to use such a driver, copy it to some place, create a file "jdbc_properties.xml"
     in your .RapidMiner5 directory (found in your home directory) and copy the corresponding
     entry. For other drivers, you can use it as a template. Then, add an XML attribute
     "driver_jar" referencing the jar containing the driver, e.g.:
     
     <driver name="Oracle"
         driver_jar="/path/to/oracle-driver.jar"
         ...
      />
   -->   
   
    <driver name="Oracle"
    	    drivers="oracle.jdbc.driver.OracleDriver"
			defaultport="1521"			
			urlprefix="jdbc:oracle:thin:@"
			dbnameseparator=":"
			type_varchar="VARCHAR2"
			type_text="BLOB"
			type_integer="INTEGER"
			type_real="REAL"
            type_time="TIME"
            type_date="DATE"
            type_dateTime="TIMESTAMP"
			identifier_quote_open="&quot;"
			identifier_quote_close="&quot;"
			value_quote_open="'"
			value_quote_close="'"							
	/>	

<!-- 
   <driver name="IBM DB2"
   			drivers="COM.ibm.db2.jdbc.app.DB2Driver,com.ibm.as400.access.AS400JDBCDriver,com.ibm.db2.jcc.DB2Driver,com.ibm.db2.jcc.DB2Driver"
			defaultport="50000"
			urlprefix="jdbc:db2://"
			dbnameseparator="/"
			type_varchar="VARCHAR"
			type_text="BLOB"
			type_integer="INTEGER"
			type_real="REAL"
            type_time="TIME"
            type_date="DATE"
            type_dateTime="TIMESTAMP"
			identifier_quote_open="&quot;"
			identifier_quote_close="&quot;"
			value_quote_open="'"
			value_quote_close="'"							
	/>
   
    -->
   <!-- 
   <driver name="Microsoft SQL Server (Microsoft)"
	        drivers="com.microsoft.jdbc.sqlserver.SQLServerDriver"
			defaultport="1433"
			urlprefix="jdbc:sqlserver://"
			dbnameseparator=";databaseName="
			type_varchar="VARCHAR"
			type_text="BLOB"
			type_integer="INTEGER"
			type_real="REAL"
            type_time="TIME"
            type_date="DATE"
            type_dateTime="TIMESTAMP"
			identifier_quote_open="["
			identifier_quote_close="]"
			value_quote_open="'"
			value_quote_close="'"							
	/>
	 -->
    <!--
    <driver
      		name="SQLBase"
            drivers = "jdbc.gupta.sqlbase.SqlbaseDriver"            
            defaultport="2155"
            urlprefix="jdbc:sqlbase://"
            dbnameseparator="/"
            type_varchar="VARCHAR"
            type_text="BLOB"
            type_integer="INTEGER"
            type_real="REAL"
            type_time="TIME"
            type_date="DATE"
            type_dateTime="DATETIME"
            identifier_quote_open="&quot;"
            identifier_quote_close="&quot;"
            value_quote_open="'"
            value_quote_close="'"                           
    />  
     -->
</drivers>